-- DEMO DATA SEED
-- Tenant ID: 11111111-1111-1111-1111-111111111111

-- 1. Suppliers
INSERT INTO suppliers (id, tenant_id, name, email, contact_person) VALUES
('22222222-0001-0000-0000-000000000001', '11111111-1111-1111-1111-111111111111', 'Texas Cattle Ranch', 'orders@texasranch.com', 'Bill Henderson'),
('22222222-0002-0000-0000-000000000002', '11111111-1111-1111-1111-111111111111', 'ChemCo Industrial', 'sales@chemco.com', 'Sarah Chen'),
('22222222-0003-0000-0000-000000000003', '11111111-1111-1111-1111-111111111111', 'Global Pigments', 'colors@global.com', 'Jean Pierre'),
('22222222-0004-0000-0000-000000000004', '11111111-1111-1111-1111-111111111111', 'PackRight Logistics', 'support@packright.com', 'Mike Ross')
ON CONFLICT DO NOTHING;

-- 2. Customers
INSERT INTO customers (id, tenant_id, name, email, address) VALUES
('33333333-0001-0000-0000-000000000001', '11111111-1111-1111-1111-111111111111', 'Luxury Auto Interiors', 'purchasing@luxauto.com', 'Detroit, MI'),
('33333333-0002-0000-0000-000000000002', '11111111-1111-1111-1111-111111111111', 'Italian Shoe Crafters', 'mario@shoes.it', 'Milan, Italy'),
('33333333-0003-0000-0000-000000000003', '11111111-1111-1111-1111-111111111111', 'Classic Furniture Works', 'supply@classicworks.com', 'High Point, NC'),
('33333333-0004-0000-0000-000000000004', '11111111-1111-1111-1111-111111111111', 'Bespoke Bags NYC', 'design@bespokebags.com', 'New York, NY')
ON CONFLICT DO NOTHING;

-- 3. Products
-- Raw Materials
INSERT INTO products (id, tenant_id, name, sku, unit_of_measure, price, cost_price, stock_quantity, attributes) VALUES
('44444444-0001-0000-0000-000000000001', '11111111-1111-1111-1111-111111111111', 'Raw Cow Hide (Premium)', 'RAW-COW-A', 'PIECE', 0.00, 45.00, 500.00, '{"grade": "A", "origin": "USA"}'::jsonb),
('44444444-0002-0000-0000-000000000002', '11111111-1111-1111-1111-111111111111', 'Raw Cow Hide (Standard)', 'RAW-COW-B', 'PIECE', 0.00, 35.00, 300.00, '{"grade": "B", "origin": "USA"}'::jsonb),
('44444444-0003-0000-0000-000000000003', '11111111-1111-1111-1111-111111111111', 'Chromium Sulfate', 'CHEM-CHROME', 'KG', 0.00, 12.50, 1000.00, '{"purity": "99%"}'::jsonb),
('44444444-0004-0000-0000-000000000004', '11111111-1111-1111-1111-111111111111', 'Black Dye #5', 'DYE-BLK', 'LITER', 0.00, 40.00, 200.00, '{"color_code": "#000000"}'::jsonb),
('44444444-0005-0000-0000-000000000005', '11111111-1111-1111-1111-111111111111', 'Tan Dye #2', 'DYE-TAN', 'LITER', 0.00, 42.00, 150.00, '{"color_code": "#D2B48C"}'::jsonb)
ON CONFLICT DO NOTHING;

-- Finished Goods
INSERT INTO products (id, tenant_id, name, sku, unit_of_measure, price, cost_price, stock_quantity, attributes) VALUES
('55555555-0001-0000-0000-000000000001', '11111111-1111-1111-1111-111111111111', 'Full Grain Leather - Black', 'FG-BLK-01', 'SQ_FT', 8.50, 4.20, 2500.00, '{"color": "Black", "finish": "Matte", "thickness": "1.4mm"}'::jsonb),
('55555555-0002-0000-0000-000000000002', '11111111-1111-1111-1111-111111111111', 'Full Grain Leather - Tan', 'FG-TAN-01', 'SQ_FT', 8.75, 4.30, 1200.00, '{"color": "Tan", "finish": "Satin", "thickness": "1.4mm"}'::jsonb),
('55555555-0003-0000-0000-000000000003', '11111111-1111-1111-1111-111111111111', 'Suede - Navy', 'SUEDE-NVY', 'SQ_FT', 6.00, 3.00, 800.00, '{"color": "Navy", "finish": "Napped"}'::jsonb)
ON CONFLICT DO NOTHING;

-- 4. Recipes
INSERT INTO recipes (id, tenant_id, name, output_product_id, output_quantity, description) VALUES
('66666666-0001-0000-0000-000000000001', '11111111-1111-1111-1111-111111111111', 'Black Chrome Tanning', '55555555-0001-0000-0000-000000000001', 50.00, 'Standard process for black automotive leather'),
('66666666-0002-0000-0000-000000000002', '11111111-1111-1111-1111-111111111111', 'Tan Vegetable Tanning', '55555555-0002-0000-0000-000000000002', 48.00, 'Natural veg tan process')
ON CONFLICT DO NOTHING;

INSERT INTO recipe_ingredients (id, recipe_id, input_product_id, quantity) VALUES
-- Black Tanning Ingredients (1 Hide + Chemicals + Dye)
('77777777-0001-0000-0000-000000000001', '66666666-0001-0000-0000-000000000001', '44444444-0001-0000-0000-000000000001', 1.00),
('77777777-0002-0000-0000-000000000002', '66666666-0001-0000-0000-000000000001', '44444444-0003-0000-0000-000000000003', 0.50),
('77777777-0003-0000-0000-000000000003', '66666666-0001-0000-0000-000000000001', '44444444-0004-0000-0000-000000000004', 0.20)
ON CONFLICT DO NOTHING;

-- 5. Sales History (For Charts)
-- Past Sales Orders
INSERT INTO sales_orders (id, tenant_id, customer_id, order_number, date, status, total_amount) VALUES
('88888888-0001-0000-0000-000000000001', '11111111-1111-1111-1111-111111111111', '33333333-0001-0000-0000-000000000001', 'SO-1001', CURRENT_DATE - INTERVAL '60 days', 'SHIPPED', 8500.00),
('88888888-0002-0000-0000-000000000002', '11111111-1111-1111-1111-111111111111', '33333333-0002-0000-0000-000000000002', 'SO-1002', CURRENT_DATE - INTERVAL '45 days', 'SHIPPED', 12500.00),
('88888888-0003-0000-0000-000000000003', '11111111-1111-1111-1111-111111111111', '33333333-0001-0000-0000-000000000001', 'SO-1003', CURRENT_DATE - INTERVAL '30 days', 'SHIPPED', 4250.00),
('88888888-0004-0000-0000-000000000004', '11111111-1111-1111-1111-111111111111', '33333333-0003-0000-0000-000000000003', 'SO-1004', CURRENT_DATE - INTERVAL '10 days', 'CONFIRMED', 15000.00),
('88888888-0005-0000-0000-000000000005', '11111111-1111-1111-1111-111111111111', '33333333-0004-0000-0000-000000000004', 'SO-1005', CURRENT_DATE - INTERVAL '2 days', 'DRAFT', 2200.00)
ON CONFLICT DO NOTHING;

-- Invoices (Linked to SOs)
INSERT INTO invoices (id, tenant_id, customer_id, sales_order_id, invoice_number, date, due_date, status, total_amount, amount_paid) VALUES
('99999999-0001-0000-0000-000000000001', '11111111-1111-1111-1111-111111111111', '33333333-0001-0000-0000-000000000001', '88888888-0001-0000-0000-000000000001', 'INV-1001', CURRENT_DATE - INTERVAL '58 days', CURRENT_DATE - INTERVAL '28 days', 'PAID', 8500.00, 8500.00),
('99999999-0002-0000-0000-000000000002', '11111111-1111-1111-1111-111111111111', '33333333-0002-0000-0000-000000000002', '88888888-0002-0000-0000-000000000002', 'INV-1002', CURRENT_DATE - INTERVAL '43 days', CURRENT_DATE - INTERVAL '13 days', 'OVERDUE', 12500.00, 0.00),
('99999999-0003-0000-0000-000000000003', '11111111-1111-1111-1111-111111111111', '33333333-0001-0000-0000-000000000001', '88888888-0003-0000-0000-000000000003', 'INV-1003', CURRENT_DATE - INTERVAL '28 days', CURRENT_DATE + INTERVAL '2 days', 'SENT', 4250.00, 0.00)
ON CONFLICT DO NOTHING;
